bin_center,SM_dsig,EFT_dsig
167,4.23981e-06,4.267e-06
181,6.38214e-06,6.42936e-06
195,6.69566e-06,6.69676e-06
209,6.47187e-06,6.45862e-06
223,6.1283e-06,6.04789e-06
237,5.59174e-06,5.6445e-06
251,5.17347e-06,5.13438e-06
265,4.72706e-06,4.66786e-06
279,4.34033e-06,4.30487e-06
293,3.89116e-06,3.89907e-06
307,3.62473e-06,3.52747e-06
321,3.30561e-06,3.27533e-06
335,2.9977e-06,3.00759e-06
349,2.75857e-06,2.75213e-06
363,2.53129e-06,2.51721e-06
377,2.34613e-06,2.31775e-06
391,2.13694e-06,2.13379e-06
405,1.97875e-06,1.97897e-06
419,1.83834e-06,1.8175e-06
433,1.6719e-06,1.68782e-06
447,1.56165e-06,1.60117e-06
461,1.47425e-06,1.44383e-06
475,1.35257e-06,1.3433e-06
489,1.24771e-06,1.25562e-06
503,1.16899e-06,1.16037e-06
517,1.10561e-06,1.07866e-06
531,1.02191e-06,1.01267e-06
545,9.71653e-07,9.57007e-07
559,9.00655e-07,8.94347e-07
573,8.51665e-07,8.47179e-07
587,7.83417e-07,7.73272e-07
601,7.38025e-07,7.43549e-07
615,6.80147e-07,6.8215e-07
629,6.47875e-07,6.67346e-07
643,6.07032e-07,6.25802e-07
657,5.66613e-07,5.76798e-07
671,5.34129e-07,5.46615e-07
685,5.13496e-07,5.06678e-07
699,4.72018e-07,4.86135e-07
713,4.54348e-07,4.55379e-07
727,4.23981e-07,4.32656e-07
741,3.97317e-07,4.09589e-07
755,3.83138e-07,3.95243e-07
769,3.56368e-07,3.67471e-07
783,3.41343e-07,3.3855e-07
797,3.19546e-07,3.22139e-07
811,3.06003e-07,3.13188e-07
825,2.89073e-07,3.11237e-07
839,2.7045e-07,2.783e-07
853,2.59764e-07,2.74742e-07
867,2.58917e-07,2.52134e-07
881,2.38496e-07,2.41117e-07
895,2.25587e-07,2.38362e-07
909,2.149e-07,2.28378e-07
923,1.98076e-07,2.05999e-07
937,1.94373e-07,1.959e-07
951,1.76809e-07,1.8408e-07
965,1.74163e-07,1.89588e-07
979,1.62842e-07,1.71915e-07
993,1.57551e-07,1.67324e-07
