bin_lower_edge,SM_events,EFT_events
0,0,0
10,0,0
20,0,0
30,12.9428,13.2674
40,15.3139,15.6099
50,16.5676,16.9677
60,16.0559,16.2398
70,12.8761,13.2499
80,6.99051,7.23212
90,3.71522,4.05729
100,2.27177,2.5192
110,1.41932,1.71347
120,0.97756,1.24918
130,0.679304,0.945644
140,0.482852,0.741881
150,0.361423,0.62459
