bin_lower_edge,SM_events,EFT_events
0,6.99215,7.19842
10,16.2749,16.7227
20,22.1785,22.6112
30,26.3023,26.8002
40,28.5688,29.0722
50,28.5925,29.1214
60,26.3573,26.5609
70,20.4153,20.8966
80,10.9917,11.3287
90,5.91217,6.32395
100,3.65042,3.92935
110,2.32636,2.65445
120,1.60964,1.90104
130,1.09878,1.37468
140,0.75535,1.04143
150,2.39872,14.1847
