bin_lower_edge,SM_events,EFT_events
0,333.239,330.479
20,581.026,577.465
40,98.2647,98.2383
60,12.2178,12.9805
80,2.38457,3.06025
100,0.535499,1.06822
120,0.12334,0.497751
140,0.0339184,0.228392
160,0.00411132,0.113684
180,0.00102783,0.0481365
