bin_lower_edge,SM_events,EFT_events
0,439.137,439.364
10,1316.47,1319.12
20,1656.75,1655.53
30,1219.61,1217.35
40,442.434,440.794
50,169.539,172.907
60,80.9847,82.5008
70,43.4854,42.2221
80,23.8356,24.9162
90,13.8915,14.882
100,8.51272,9.96866
110,5.47634,6.1144
120,3.51353,4.61856
130,2.58093,3.41752
140,1.68086,2.4676
150,3.82801,22.263
