bin_lower_edge,SM_events,EFT_events
0,2.28338e+06,2.3717e+06
10,2.88226e+07,2.92141e+07
20,9.8085e+07,9.69603e+07
30,2.0945e+08,2.09038e+08
40,3.35655e+08,3.33786e+08
50,2.78812e+08,2.76586e+08
60,1.967e+08,1.94237e+08
70,1.31461e+08,1.30224e+08
80,8.67236e+07,8.56897e+07
90,5.66931e+07,5.62653e+07
100,3.74569e+07,3.7611e+07
110,2.48537e+07,2.50356e+07
120,1.68002e+07,1.68705e+07
130,1.14569e+07,1.16635e+07
140,7.66518e+06,8.01158e+06
150,1.78217e+07,2.15157e+07
