bin_lower_edge,SM_events,EFT_events
0,1.52119,1.49325
10,19.3253,19.1061
20,65.2682,65.3488
30,139.981,139.898
40,223.834,222.608
50,185.807,184.029
60,130.805,129.533
70,88.2258,86.957
80,57.7558,57.138
90,38.0122,37.6028
100,25.0164,24.8814
110,16.4864,16.8488
120,11.2486,11.2404
130,7.63575,7.78377
140,5.04562,5.42815
150,11.8622,14.2842
