bin_lower_edge,SM_events,EFT_events
0,2.28338,2.3717
10,28.8226,29.2141
20,98.085,96.9603
30,209.45,209.038
40,335.655,333.786
50,278.812,276.586
60,196.7,194.237
70,131.461,130.224
80,86.7236,85.6897
90,56.6931,56.2653
100,37.4569,37.611
110,24.8537,25.0356
120,16.8002,16.8705
130,11.4569,11.6635
140,7.66518,8.01158
150,17.8217,21.5157
