bin_lower_edge,SM_events,EFT_events
0,81.73,80.8119
10,251.509,249.667
20,335.039,333.217
30,245.987,244.248
40,75.4222,75.2977
50,22.8425,22.9406
60,8.6163,9.00869
70,3.60152,3.97177
80,1.60855,1.94185
90,0.776012,1.1184
100,0.368991,0.629871
110,0.166508,0.438349
120,0.0719481,0.299061
130,0.0513915,0.198691
140,0.0256957,0.121877
150,0.0133618,0.268335
