bin_lower_edge,SM_events,EFT_events
0,1.22312e+08,1.20889e+08
10,3.78144e+08,3.76372e+08
20,5.02515e+08,4.9853e+08
30,3.68468e+08,3.66726e+08
40,1.1224e+08,1.11588e+08
50,3.40365e+07,3.4197e+07
60,1.28606e+07,1.32938e+07
70,5.38489e+06,5.9162e+06
80,2.52065e+06,2.88288e+06
90,1.18329e+06,1.70394e+06
100,565452,964030
110,265007,633988
120,130963,431357
130,72414.8,320832
140,16948.1,214911
150,24651.8,416007
