bin_lower_edge,SM_events,EFT_events
0,41.6261,41.5459
10,136.161,135.175
20,199.944,198.664
30,193.525,191.196
40,148.927,148.824
50,104.354,104.02
60,69.3621,69.1516
70,45.6819,45.3763
80,29.8194,29.4964
90,19.3355,19.4062
100,12.6947,12.8524
110,8.28431,8.60926
120,5.74146,5.85114
130,3.89239,3.99635
140,2.63433,2.84927
150,5.84732,7.16619
