bin_lower_edge,SM_events,EFT_events
0,41.3889,41.5086
10,135.875,134.86
20,200.244,199.642
30,192.609,191.776
40,149.805,148.312
50,103.997,103.403
60,69.7108,69.2168
70,45.6937,45.2925
80,29.4343,29.5334
90,19.2731,19.4525
100,12.7342,12.8241
110,8.55419,8.66399
120,5.55745,5.82256
130,3.80717,3.99581
140,2.45132,2.76007
150,5.97037,7.50808
