bin_lower_edge,SM_events,EFT_events
0,4.13889e+07,4.15086e+07
10,1.35875e+08,1.3486e+08
20,2.00244e+08,1.99642e+08
30,1.92609e+08,1.91776e+08
40,1.49805e+08,1.48312e+08
50,1.03997e+08,1.03403e+08
60,6.97108e+07,6.92168e+07
70,4.56937e+07,4.52925e+07
80,2.94343e+07,2.95334e+07
90,1.92731e+07,1.94525e+07
100,1.27342e+07,1.28241e+07
110,8.55419e+06,8.66399e+06
120,5.55745e+06,5.82256e+06
130,3.80717e+06,3.99581e+06
140,2.45132e+06,2.76007e+06
150,5.97037e+06,7.50808e+06
